date,channel,campaign,spend,impressions,clicks,leads,closed_deals
2026-06-01,Google Ads,Search - Brand,674.51,14446,734,64,10
2026-06-01,Google Ads,Search - Competitor,564.88,21316,1106,57,11
2026-06-01,Google Ads,Display - Retargeting,530.49,13137,619,15,1
2026-06-01,Meta Ads,FB - Lead Gen,401.07,10948,209,6,0
2026-06-01,Meta Ads,IG - Awareness,637.66,14096,257,5,0
2026-06-01,Meta Ads,FB - Retargeting,479.61,10396,201,6,0
2026-06-01,Email,Monthly Newsletter,21.24,3926,469,28,6
2026-06-01,Email,Promo Blast,17.37,3104,226,12,2
2026-06-01,Organic Social,LinkedIn Organic,0.0,15685,459,12,1
2026-06-01,Organic Social,FB Organic,0.0,13157,478,15,1
2026-06-01,LinkedIn Ads,Sponsored Content,486.46,13459,93,5,1
2026-06-01,LinkedIn Ads,InMail Campaign,554.77,11643,87,4,0
2026-06-02,Google Ads,Search - Brand,528.12,14257,499,19,4
2026-06-02,Google Ads,Search - Competitor,803.44,14711,794,52,7
2026-06-02,Google Ads,Display - Retargeting,654.21,21152,945,83,4
2026-06-02,Meta Ads,FB - Lead Gen,562.56,15348,259,10,0
2026-06-02,Meta Ads,IG - Awareness,441.04,16428,383,12,1
2026-06-02,Meta Ads,FB - Retargeting,408.13,18661,357,12,2
2026-06-02,Email,Monthly Newsletter,25.61,3484,359,29,4
2026-06-02,Email,Promo Blast,15.85,3148,397,35,5
2026-06-02,Organic Social,LinkedIn Organic,0.0,13317,372,8,1
2026-06-02,Organic Social,FB Organic,0.0,22544,699,22,3
2026-06-02,LinkedIn Ads,Sponsored Content,234.14,14893,120,10,1
2026-06-02,LinkedIn Ads,InMail Campaign,483.92,14861,91,6,1
2026-06-03,Google Ads,Search - Brand,718.65,11362,654,22,4
2026-06-03,Google Ads,Search - Competitor,928.57,11037,440,27,4
2026-06-03,Google Ads,Display - Retargeting,367.4,15274,541,37,4
2026-06-03,Meta Ads,FB - Lead Gen,647.49,11866,199,9,1
2026-06-03,Meta Ads,IG - Awareness,493.2,20228,247,10,1
2026-06-03,Meta Ads,FB - Retargeting,557.88,10052,133,6,1
2026-06-03,Email,Monthly Newsletter,26.57,3173,328,31,6
2026-06-03,Email,Promo Blast,20.54,3932,516,29,6
2026-06-03,Organic Social,LinkedIn Organic,0.0,18148,670,15,3
2026-06-03,Organic Social,FB Organic,0.0,18288,756,21,2
2026-06-03,LinkedIn Ads,Sponsored Content,349.93,11736,92,5,0
2026-06-03,LinkedIn Ads,InMail Campaign,543.06,15052,155,7,2
2026-06-04,Google Ads,Search - Brand,693.85,11571,409,28,4
2026-06-04,Google Ads,Search - Competitor,707.1,16892,749,33,3
2026-06-04,Google Ads,Display - Retargeting,533.02,18425,864,32,6
2026-06-04,Meta Ads,FB - Lead Gen,511.62,11464,212,8,0
2026-06-04,Meta Ads,IG - Awareness,508.41,17243,377,19,2
2026-06-04,Meta Ads,FB - Retargeting,357.25,17060,338,15,5
2026-06-04,Email,Monthly Newsletter,28.57,3567,509,54,8
2026-06-04,Email,Promo Blast,29.74,2613,298,22,4
2026-06-04,Organic Social,LinkedIn Organic,0.0,7530,256,3,0
2026-06-04,Organic Social,FB Organic,0.0,15257,359,8,1
2026-06-04,LinkedIn Ads,Sponsored Content,367.83,15865,128,5,1
2026-06-04,LinkedIn Ads,InMail Campaign,521.32,6899,57,2,0
2026-06-05,Google Ads,Search - Brand,481.12,14541,720,54,6
2026-06-05,Google Ads,Search - Competitor,549.82,13100,512,46,9
2026-06-05,Google Ads,Display - Retargeting,410.87,18671,1196,93,9
2026-06-05,Meta Ads,FB - Lead Gen,410.17,20067,310,14,3
2026-06-05,Meta Ads,IG - Awareness,358.52,14761,93,2,0
2026-06-05,Meta Ads,FB - Retargeting,321.09,21529,276,9,1
2026-06-05,Email,Monthly Newsletter,34.01,2282,337,30,3
2026-06-05,Email,Promo Blast,27.89,3099,327,30,4
2026-06-05,Organic Social,LinkedIn Organic,0.0,17648,697,13,3
2026-06-05,Organic Social,FB Organic,0.0,14392,482,15,2
2026-06-05,LinkedIn Ads,Sponsored Content,426.59,13027,91,5,0
2026-06-05,LinkedIn Ads,InMail Campaign,372.05,18598,157,9,1
2026-06-06,Google Ads,Search - Brand,475.65,12759,659,46,8
2026-06-06,Google Ads,Search - Competitor,617.6,20110,797,55,9
2026-06-06,Google Ads,Display - Retargeting,567.35,19395,1016,75,18
2026-06-06,Meta Ads,FB - Lead Gen,469.12,17727,299,13,2
2026-06-06,Meta Ads,IG - Awareness,477.98,17380,261,16,2
2026-06-06,Meta Ads,FB - Retargeting,325.01,19632,409,19,4
2026-06-06,Email,Monthly Newsletter,24.92,2551,310,22,5
2026-06-06,Email,Promo Blast,24.08,2587,290,29,4
2026-06-06,Organic Social,LinkedIn Organic,0.0,15974,502,12,1
2026-06-06,Organic Social,FB Organic,0.0,9207,198,4,0
2026-06-06,LinkedIn Ads,Sponsored Content,484.98,20901,195,9,1
2026-06-06,LinkedIn Ads,InMail Campaign,337.22,14925,112,6,0
2026-06-07,Google Ads,Search - Brand,677.9,21130,930,62,13
2026-06-07,Google Ads,Search - Competitor,539.82,15896,717,44,6
2026-06-07,Google Ads,Display - Retargeting,603.68,16991,986,76,21
2026-06-07,Meta Ads,FB - Lead Gen,377.14,18489,345,22,3
2026-06-07,Meta Ads,IG - Awareness,368.7,12602,130,4,0
2026-06-07,Meta Ads,FB - Retargeting,484.21,16367,405,20,3
2026-06-07,Email,Monthly Newsletter,19.38,3245,286,39,9
2026-06-07,Email,Promo Blast,22.07,2143,326,28,6
2026-06-07,Organic Social,LinkedIn Organic,0.0,12602,378,11,1
2026-06-07,Organic Social,FB Organic,0.0,10729,312,9,1
2026-06-07,LinkedIn Ads,Sponsored Content,530.06,10501,58,4,0
2026-06-07,LinkedIn Ads,InMail Campaign,365.8,21204,173,11,2
2026-06-08,Google Ads,Search - Brand,909.11,22021,941,72,15
2026-06-08,Google Ads,Search - Competitor,805.29,11140,570,45,4
2026-06-08,Google Ads,Display - Retargeting,422.51,6843,291,21,5
2026-06-08,Meta Ads,FB - Lead Gen,475.31,21514,280,5,0
2026-06-08,Meta Ads,IG - Awareness,511.47,14869,156,6,0
2026-06-08,Meta Ads,FB - Retargeting,544.8,16466,240,8,1
2026-06-08,Email,Monthly Newsletter,24.61,3477,334,34,5
2026-06-08,Email,Promo Blast,20.04,2946,280,21,2
2026-06-08,Organic Social,LinkedIn Organic,0.0,15141,390,12,2
2026-06-08,Organic Social,FB Organic,0.0,17456,603,15,2
2026-06-08,LinkedIn Ads,Sponsored Content,419.06,5792,32,2,0
2026-06-08,LinkedIn Ads,InMail Campaign,421.98,17306,147,14,3
2026-06-09,Google Ads,Search - Brand,580.81,11177,341,21,2
2026-06-09,Google Ads,Search - Competitor,386.66,12413,437,39,8
2026-06-09,Google Ads,Display - Retargeting,598.8,20919,955,42,10
2026-06-09,Meta Ads,FB - Lead Gen,529.54,10851,187,5,0
2026-06-09,Meta Ads,IG - Awareness,574.72,22637,293,13,1
2026-06-09,Meta Ads,FB - Retargeting,409.84,12630,188,7,0
2026-06-09,Email,Monthly Newsletter,26.69,2974,339,22,3
2026-06-09,Email,Promo Blast,29.72,3250,313,29,6
2026-06-09,Organic Social,LinkedIn Organic,0.0,17173,446,15,2
2026-06-09,Organic Social,FB Organic,0.0,8489,257,8,1
2026-06-09,LinkedIn Ads,Sponsored Content,521.84,8353,65,2,0
2026-06-09,LinkedIn Ads,InMail Campaign,455.33,11558,85,5,0
2026-06-10,Google Ads,Search - Brand,725.35,10481,521,44,2
2026-06-10,Google Ads,Search - Competitor,480.47,17308,747,49,7
2026-06-10,Google Ads,Display - Retargeting,612.99,14377,798,51,10
2026-06-10,Meta Ads,FB - Lead Gen,418.61,13049,214,9,1
2026-06-10,Meta Ads,IG - Awareness,500.47,23301,492,17,4
2026-06-10,Meta Ads,FB - Retargeting,419.06,6847,98,1,0
2026-06-10,Email,Monthly Newsletter,25.12,3838,490,41,9
2026-06-10,Email,Promo Blast,11.18,3117,431,21,4
2026-06-10,Organic Social,LinkedIn Organic,0.0,13338,450,22,4
2026-06-10,Organic Social,FB Organic,0.0,13162,327,12,1
2026-06-10,LinkedIn Ads,Sponsored Content,458.05,13089,114,6,1
2026-06-10,LinkedIn Ads,InMail Campaign,392.62,13920,89,3,0
2026-06-11,Google Ads,Search - Brand,713.55,11311,597,50,10
2026-06-11,Google Ads,Search - Competitor,881.52,11904,402,11,2
2026-06-11,Google Ads,Display - Retargeting,698.15,14777,702,27,8
2026-06-11,Meta Ads,FB - Lead Gen,481.74,15437,318,14,2
2026-06-11,Meta Ads,IG - Awareness,374.44,16885,418,23,5
2026-06-11,Meta Ads,FB - Retargeting,407.02,11041,193,7,1
2026-06-11,Email,Monthly Newsletter,14.42,3764,437,34,4
2026-06-11,Email,Promo Blast,14.66,3411,415,22,2
2026-06-11,Organic Social,LinkedIn Organic,0.0,21676,616,10,1
2026-06-11,Organic Social,FB Organic,0.0,4212,124,3,0
2026-06-11,LinkedIn Ads,Sponsored Content,658.01,19506,147,4,1
2026-06-11,LinkedIn Ads,InMail Campaign,456.66,15055,119,6,1
2026-06-12,Google Ads,Search - Brand,513.95,12812,572,28,4
2026-06-12,Google Ads,Search - Competitor,615.96,13980,818,10,2
2026-06-12,Google Ads,Display - Retargeting,786.91,6706,281,14,1
2026-06-12,Meta Ads,FB - Lead Gen,375.92,10557,256,13,3
2026-06-12,Meta Ads,IG - Awareness,550.86,10483,168,7,0
2026-06-12,Meta Ads,FB - Retargeting,549.85,14038,233,11,2
2026-06-12,Email,Monthly Newsletter,22.74,3579,336,35,7
2026-06-12,Email,Promo Blast,23.07,3163,284,32,5
2026-06-12,Organic Social,LinkedIn Organic,0.0,19196,494,8,0
2026-06-12,Organic Social,FB Organic,0.0,9878,400,4,1
2026-06-12,LinkedIn Ads,Sponsored Content,473.74,14613,104,5,0
2026-06-12,LinkedIn Ads,InMail Campaign,574.12,15456,127,5,0
2026-06-13,Google Ads,Search - Brand,646.17,8159,268,19,3
2026-06-13,Google Ads,Search - Competitor,572.4,15073,725,36,5
2026-06-13,Google Ads,Display - Retargeting,629.38,11086,539,15,3
2026-06-13,Meta Ads,FB - Lead Gen,521.8,16024,345,20,4
2026-06-13,Meta Ads,IG - Awareness,251.9,9881,155,6,1
2026-06-13,Meta Ads,FB - Retargeting,382.0,15747,240,7,0
2026-06-13,Email,Monthly Newsletter,19.23,2324,224,26,3
2026-06-13,Email,Promo Blast,41.45,3246,403,26,5
2026-06-13,Organic Social,LinkedIn Organic,0.0,15488,702,20,4
2026-06-13,Organic Social,FB Organic,0.0,14860,603,14,3
2026-06-13,LinkedIn Ads,Sponsored Content,529.62,12750,114,7,1
2026-06-13,LinkedIn Ads,InMail Campaign,273.35,12091,91,4,0
2026-06-14,Google Ads,Search - Brand,626.66,9658,467,33,6
2026-06-14,Google Ads,Search - Competitor,762.12,18335,900,52,5
2026-06-14,Google Ads,Display - Retargeting,664.44,15830,751,27,3
2026-06-14,Meta Ads,FB - Lead Gen,589.53,14841,303,12,2
2026-06-14,Meta Ads,IG - Awareness,576.13,12935,237,8,1
2026-06-14,Meta Ads,FB - Retargeting,430.6,15888,258,14,1
2026-06-14,Email,Monthly Newsletter,23.83,2780,430,40,9
2026-06-14,Email,Promo Blast,15.72,3133,442,40,9
2026-06-14,Organic Social,LinkedIn Organic,0.0,20637,903,24,3
2026-06-14,Organic Social,FB Organic,0.0,21318,572,14,2
2026-06-14,LinkedIn Ads,Sponsored Content,298.75,11325,72,2,0
2026-06-14,LinkedIn Ads,InMail Campaign,476.35,21202,135,8,1
2026-06-15,Google Ads,Search - Brand,592.58,17699,617,41,7
2026-06-15,Google Ads,Search - Competitor,673.87,16156,1084,52,7
2026-06-15,Google Ads,Display - Retargeting,506.53,12778,501,40,10
2026-06-15,Meta Ads,FB - Lead Gen,400.08,11670,229,7,1
2026-06-15,Meta Ads,IG - Awareness,490.34,8937,210,12,1
2026-06-15,Meta Ads,FB - Retargeting,421.43,16143,310,14,3
2026-06-15,Email,Monthly Newsletter,23.89,2600,225,15,2
2026-06-15,Email,Promo Blast,36.22,2741,343,30,7
2026-06-15,Organic Social,LinkedIn Organic,0.0,12876,348,13,2
2026-06-15,Organic Social,FB Organic,0.0,17335,482,17,4
2026-06-15,LinkedIn Ads,Sponsored Content,542.3,17029,165,11,2
2026-06-15,LinkedIn Ads,InMail Campaign,522.98,14331,118,8,1
2026-06-16,Google Ads,Search - Brand,655.3,13426,607,50,9
2026-06-16,Google Ads,Search - Competitor,606.97,9560,494,35,10
2026-06-16,Google Ads,Display - Retargeting,553.83,15876,750,66,11
2026-06-16,Meta Ads,FB - Lead Gen,499.22,17431,325,11,2
2026-06-16,Meta Ads,IG - Awareness,591.92,10893,201,6,1
2026-06-16,Meta Ads,FB - Retargeting,288.96,12764,247,14,2
2026-06-16,Email,Monthly Newsletter,21.53,3940,335,10,2
2026-06-16,Email,Promo Blast,21.86,2489,340,32,4
2026-06-16,Organic Social,LinkedIn Organic,0.0,18489,626,18,4
2026-06-16,Organic Social,FB Organic,0.0,8897,229,6,1
2026-06-16,LinkedIn Ads,Sponsored Content,422.86,16408,98,7,1
2026-06-16,LinkedIn Ads,InMail Campaign,575.7,16370,142,8,1
2026-06-17,Google Ads,Search - Brand,696.41,20316,950,69,12
2026-06-17,Google Ads,Search - Competitor,816.02,12294,752,44,4
2026-06-17,Google Ads,Display - Retargeting,619.22,12275,645,31,4
2026-06-17,Meta Ads,FB - Lead Gen,246.22,13190,122,2,0
2026-06-17,Meta Ads,IG - Awareness,558.34,16701,242,9,1
2026-06-17,Meta Ads,FB - Retargeting,331.52,21013,444,16,2
2026-06-17,Email,Monthly Newsletter,26.3,1979,225,16,2
2026-06-17,Email,Promo Blast,23.24,3898,527,39,8
2026-06-17,Organic Social,LinkedIn Organic,0.0,18698,567,13,2
2026-06-17,Organic Social,FB Organic,0.0,18580,628,24,3
2026-06-17,LinkedIn Ads,Sponsored Content,598.21,15790,178,7,1
2026-06-17,LinkedIn Ads,InMail Campaign,472.26,12394,89,4,0
2026-06-18,Google Ads,Search - Brand,678.43,12705,568,55,14
2026-06-18,Google Ads,Search - Competitor,665.45,15152,698,49,6
2026-06-18,Google Ads,Display - Retargeting,561.39,8325,404,28,4
2026-06-18,Meta Ads,FB - Lead Gen,650.3,10096,128,5,1
2026-06-18,Meta Ads,IG - Awareness,663.12,13164,288,11,1
2026-06-18,Meta Ads,FB - Retargeting,569.76,17609,217,12,2
2026-06-18,Email,Monthly Newsletter,21.09,3197,421,40,6
2026-06-18,Email,Promo Blast,20.8,2987,442,46,7
2026-06-18,Organic Social,LinkedIn Organic,0.0,3605,132,1,0
2026-06-18,Organic Social,FB Organic,0.0,9821,363,9,1
2026-06-18,LinkedIn Ads,Sponsored Content,444.72,16908,137,4,0
2026-06-18,LinkedIn Ads,InMail Campaign,394.45,8773,64,4,0
2026-06-19,Google Ads,Search - Brand,547.7,13602,572,55,10
2026-06-19,Google Ads,Search - Competitor,664.51,19121,901,49,8
2026-06-19,Google Ads,Display - Retargeting,589.26,14851,765,46,9
2026-06-19,Meta Ads,FB - Lead Gen,457.25,15314,165,8,1
2026-06-19,Meta Ads,IG - Awareness,583.1,3414,87,3,0
2026-06-19,Meta Ads,FB - Retargeting,345.34,17451,247,8,2
2026-06-19,Email,Monthly Newsletter,23.81,3108,437,45,8
2026-06-19,Email,Promo Blast,27.28,4201,498,47,10
2026-06-19,Organic Social,LinkedIn Organic,0.0,19748,668,13,3
2026-06-19,Organic Social,FB Organic,0.0,16210,412,12,2
2026-06-19,LinkedIn Ads,Sponsored Content,486.15,16687,176,9,1
2026-06-19,LinkedIn Ads,InMail Campaign,558.46,19757,119,7,1
2026-06-20,Google Ads,Search - Brand,555.37,20502,894,55,9
2026-06-20,Google Ads,Search - Competitor,602.34,10614,340,30,4
2026-06-20,Google Ads,Display - Retargeting,451.29,6386,250,9,2
2026-06-20,Meta Ads,FB - Lead Gen,584.48,12247,319,16,2
2026-06-20,Meta Ads,IG - Awareness,175.07,24163,314,6,1
2026-06-20,Meta Ads,FB - Retargeting,751.3,20537,411,19,4
2026-06-20,Email,Monthly Newsletter,29.74,3140,384,33,4
2026-06-20,Email,Promo Blast,23.25,2153,253,16,1
2026-06-20,Organic Social,LinkedIn Organic,0.0,20568,730,11,1
2026-06-20,Organic Social,FB Organic,0.0,11070,317,11,1
2026-06-20,LinkedIn Ads,Sponsored Content,461.85,9663,68,3,0
2026-06-20,LinkedIn Ads,InMail Campaign,499.55,14921,132,7,1
2026-06-21,Google Ads,Search - Brand,618.78,13282,612,42,7
2026-06-21,Google Ads,Search - Competitor,606.09,12192,475,16,4
2026-06-21,Google Ads,Display - Retargeting,413.42,12228,471,35,5
2026-06-21,Meta Ads,FB - Lead Gen,612.24,12306,233,6,1
2026-06-21,Meta Ads,IG - Awareness,328.11,16239,329,14,2
2026-06-21,Meta Ads,FB - Retargeting,451.52,15175,265,13,3
2026-06-21,Email,Monthly Newsletter,21.52,2315,272,43,6
2026-06-21,Email,Promo Blast,35.24,3838,409,43,11
2026-06-21,Organic Social,LinkedIn Organic,0.0,14185,376,7,1
2026-06-21,Organic Social,FB Organic,0.0,15136,384,12,1
2026-06-21,LinkedIn Ads,Sponsored Content,487.22,18334,88,4,0
2026-06-21,LinkedIn Ads,InMail Campaign,313.92,21690,188,7,1
2026-06-22,Google Ads,Search - Brand,683.75,15304,762,33,6
2026-06-22,Google Ads,Search - Competitor,387.94,14555,536,25,6
2026-06-22,Google Ads,Display - Retargeting,763.7,17436,613,33,7
2026-06-22,Meta Ads,FB - Lead Gen,483.2,24277,471,19,3
2026-06-22,Meta Ads,IG - Awareness,482.25,14390,295,15,2
2026-06-22,Meta Ads,FB - Retargeting,311.36,7655,151,4,0
2026-06-22,Email,Monthly Newsletter,27.43,4246,508,57,10
2026-06-22,Email,Promo Blast,24.38,3459,390,37,7
2026-06-22,Organic Social,LinkedIn Organic,0.0,18968,549,12,2
2026-06-22,Organic Social,FB Organic,0.0,15112,452,17,3
2026-06-22,LinkedIn Ads,Sponsored Content,447.18,18271,186,10,1
2026-06-22,LinkedIn Ads,InMail Campaign,302.42,10739,80,3,0
2026-06-23,Google Ads,Search - Brand,608.5,17118,759,52,9
2026-06-23,Google Ads,Search - Competitor,303.68,11242,491,18,3
2026-06-23,Google Ads,Display - Retargeting,829.61,19875,856,74,13
2026-06-23,Meta Ads,FB - Lead Gen,427.34,12546,212,7,1
2026-06-23,Meta Ads,IG - Awareness,485.4,15012,293,15,3
2026-06-23,Meta Ads,FB - Retargeting,293.43,4784,102,2,0
2026-06-23,Email,Monthly Newsletter,17.69,2099,279,30,4
2026-06-23,Email,Promo Blast,8.81,2726,352,17,3
2026-06-23,Organic Social,LinkedIn Organic,0.0,17317,531,11,2
2026-06-23,Organic Social,FB Organic,0.0,14890,363,9,1
2026-06-23,LinkedIn Ads,Sponsored Content,430.54,21846,126,3,0
2026-06-23,LinkedIn Ads,InMail Campaign,426.45,12323,119,4,1
2026-06-24,Google Ads,Search - Brand,701.69,13048,840,41,8
2026-06-24,Google Ads,Search - Competitor,644.89,20206,1193,72,10
2026-06-24,Google Ads,Display - Retargeting,669.0,12289,775,48,7
2026-06-24,Meta Ads,FB - Lead Gen,488.21,9611,139,7,1
2026-06-24,Meta Ads,IG - Awareness,344.53,17146,381,18,4
2026-06-24,Meta Ads,FB - Retargeting,378.37,9312,217,7,1
2026-06-24,Email,Monthly Newsletter,33.3,3278,429,63,9
2026-06-24,Email,Promo Blast,30.8,3028,382,50,10
2026-06-24,Organic Social,LinkedIn Organic,0.0,19290,536,12,1
2026-06-24,Organic Social,FB Organic,0.0,23224,542,15,2
2026-06-24,LinkedIn Ads,Sponsored Content,484.58,18262,171,7,1
2026-06-24,LinkedIn Ads,InMail Campaign,481.79,14005,148,8,1
2026-06-25,Google Ads,Search - Brand,699.43,19693,918,33,6
2026-06-25,Google Ads,Search - Competitor,502.3,12885,647,53,9
2026-06-25,Google Ads,Display - Retargeting,646.32,21808,1028,109,22
2026-06-25,Meta Ads,FB - Lead Gen,261.24,18013,348,19,4
2026-06-25,Meta Ads,IG - Awareness,450.51,10102,174,5,0
2026-06-25,Meta Ads,FB - Retargeting,535.33,21679,421,10,2
2026-06-25,Email,Monthly Newsletter,32.48,2695,314,28,3
2026-06-25,Email,Promo Blast,29.05,2939,382,25,3
2026-06-25,Organic Social,LinkedIn Organic,0.0,13508,545,14,2
2026-06-25,Organic Social,FB Organic,0.0,9326,181,2,0
2026-06-25,LinkedIn Ads,Sponsored Content,387.92,25232,179,9,2
2026-06-25,LinkedIn Ads,InMail Campaign,675.69,23246,230,15,3
2026-06-26,Google Ads,Search - Brand,716.75,12795,481,28,4
2026-06-26,Google Ads,Search - Competitor,532.02,17785,953,58,14
2026-06-26,Google Ads,Display - Retargeting,428.75,14225,548,14,2
2026-06-26,Meta Ads,FB - Lead Gen,452.46,21053,426,11,2
2026-06-26,Meta Ads,IG - Awareness,609.12,17328,297,8,1
2026-06-26,Meta Ads,FB - Retargeting,593.69,22538,530,18,2
2026-06-26,Email,Monthly Newsletter,25.88,2115,270,23,3
2026-06-26,Email,Promo Blast,15.03,3256,349,20,1
2026-06-26,Organic Social,LinkedIn Organic,0.0,22089,882,22,3
2026-06-26,Organic Social,FB Organic,0.0,11006,350,12,2
2026-06-26,LinkedIn Ads,Sponsored Content,438.73,14185,93,3,0
2026-06-26,LinkedIn Ads,InMail Campaign,491.33,18654,125,9,1
2026-06-27,Google Ads,Search - Brand,596.79,12011,278,21,4
2026-06-27,Google Ads,Search - Competitor,557.8,15267,757,24,3
2026-06-27,Google Ads,Display - Retargeting,719.14,9982,475,16,3
2026-06-27,Meta Ads,FB - Lead Gen,462.51,8539,189,5,0
2026-06-27,Meta Ads,IG - Awareness,490.07,19594,281,11,2
2026-06-27,Meta Ads,FB - Retargeting,547.53,15705,261,7,1
2026-06-27,Email,Monthly Newsletter,18.3,1539,200,22,1
2026-06-27,Email,Promo Blast,18.69,3309,560,50,7
2026-06-27,Organic Social,LinkedIn Organic,0.0,20499,535,12,1
2026-06-27,Organic Social,FB Organic,0.0,15490,615,20,3
2026-06-27,LinkedIn Ads,Sponsored Content,417.17,8747,82,4,0
2026-06-27,LinkedIn Ads,InMail Campaign,809.22,16195,110,4,0
2026-06-28,Google Ads,Search - Brand,616.99,9246,492,23,6
2026-06-28,Google Ads,Search - Competitor,762.01,13210,746,45,10
2026-06-28,Google Ads,Display - Retargeting,672.71,11614,455,35,5
2026-06-28,Meta Ads,FB - Lead Gen,419.57,11179,218,14,1
2026-06-28,Meta Ads,IG - Awareness,469.49,20648,365,16,2
2026-06-28,Meta Ads,FB - Retargeting,516.64,14251,307,16,4
2026-06-28,Email,Monthly Newsletter,28.62,3162,394,31,6
2026-06-28,Email,Promo Blast,23.15,3084,467,29,6
2026-06-28,Organic Social,LinkedIn Organic,0.0,14527,250,6,1
2026-06-28,Organic Social,FB Organic,0.0,11002,296,11,2
2026-06-28,LinkedIn Ads,Sponsored Content,423.12,13532,99,3,0
2026-06-28,LinkedIn Ads,InMail Campaign,413.74,19868,207,13,2
2026-06-29,Google Ads,Search - Brand,660.56,14903,549,36,4
2026-06-29,Google Ads,Search - Competitor,778.15,13141,615,40,6
2026-06-29,Google Ads,Display - Retargeting,688.0,13100,692,24,4
2026-06-29,Meta Ads,FB - Lead Gen,692.88,10998,171,7,1
2026-06-29,Meta Ads,IG - Awareness,507.57,16956,343,18,3
2026-06-29,Meta Ads,FB - Retargeting,438.52,17690,439,16,2
2026-06-29,Email,Monthly Newsletter,31.92,2939,199,22,3
2026-06-29,Email,Promo Blast,24.43,3165,394,43,6
2026-06-29,Organic Social,LinkedIn Organic,0.0,13961,480,17,2
2026-06-29,Organic Social,FB Organic,0.0,12856,448,14,3
2026-06-29,LinkedIn Ads,Sponsored Content,424.86,13602,108,4,0
2026-06-29,LinkedIn Ads,InMail Campaign,268.17,10785,67,4,1
2026-06-30,Google Ads,Search - Brand,584.33,14324,653,52,6
2026-06-30,Google Ads,Search - Competitor,635.76,18900,935,59,13
2026-06-30,Google Ads,Display - Retargeting,194.52,17711,692,18,3
2026-06-30,Meta Ads,FB - Lead Gen,626.93,14450,309,18,4
2026-06-30,Meta Ads,IG - Awareness,658.0,17968,328,6,1
2026-06-30,Meta Ads,FB - Retargeting,368.29,23683,411,17,3
2026-06-30,Email,Monthly Newsletter,25.27,3847,404,38,5
2026-06-30,Email,Promo Blast,16.75,2694,320,25,3
2026-06-30,Organic Social,LinkedIn Organic,0.0,14667,307,11,2
2026-06-30,Organic Social,FB Organic,0.0,13763,350,11,2
2026-06-30,LinkedIn Ads,Sponsored Content,239.04,15460,119,7,1
2026-06-30,LinkedIn Ads,InMail Campaign,365.4,13723,92,6,1
2026-07-01,Google Ads,Search - Brand,885.18,14757,569,18,1
2026-07-01,Google Ads,Search - Competitor,362.38,16068,796,25,5
2026-07-01,Google Ads,Display - Retargeting,527.54,15587,927,70,11
2026-07-01,Meta Ads,FB - Lead Gen,362.69,6392,98,3,0
2026-07-01,Meta Ads,IG - Awareness,451.35,15307,263,8,1
2026-07-01,Meta Ads,FB - Retargeting,518.23,10638,245,9,1
2026-07-01,Email,Monthly Newsletter,29.43,3116,445,43,6
2026-07-01,Email,Promo Blast,27.26,2428,297,26,4
2026-07-01,Organic Social,LinkedIn Organic,0.0,7472,199,6,1
2026-07-01,Organic Social,FB Organic,0.0,20062,497,19,3
2026-07-01,LinkedIn Ads,Sponsored Content,377.3,22101,134,8,1
2026-07-01,LinkedIn Ads,InMail Campaign,374.56,20569,156,8,1
2026-07-02,Google Ads,Search - Brand,579.85,18243,951,27,6
2026-07-02,Google Ads,Search - Competitor,350.63,19130,1054,42,6
2026-07-02,Google Ads,Display - Retargeting,434.14,14140,597,44,10
2026-07-02,Meta Ads,FB - Lead Gen,629.5,12751,219,4,0
2026-07-02,Meta Ads,IG - Awareness,579.23,21462,290,9,1
2026-07-02,Meta Ads,FB - Retargeting,499.35,11761,229,7,1
2026-07-02,Email,Monthly Newsletter,28.41,3003,328,28,4
2026-07-02,Email,Promo Blast,22.69,2870,454,47,7
2026-07-02,Organic Social,LinkedIn Organic,0.0,13664,506,16,2
2026-07-02,Organic Social,FB Organic,0.0,8716,202,3,0
2026-07-02,LinkedIn Ads,Sponsored Content,644.91,23925,215,12,1
2026-07-02,LinkedIn Ads,InMail Campaign,388.95,11848,83,3,0
2026-07-03,Google Ads,Search - Brand,303.11,17991,635,40,11
2026-07-03,Google Ads,Search - Competitor,462.09,4878,206,16,4
2026-07-03,Google Ads,Display - Retargeting,415.57,16986,693,40,12
2026-07-03,Meta Ads,FB - Lead Gen,291.32,16014,315,16,2
2026-07-03,Meta Ads,IG - Awareness,502.61,13433,254,9,1
2026-07-03,Meta Ads,FB - Retargeting,423.55,16508,295,15,2
2026-07-03,Email,Monthly Newsletter,13.92,3630,356,25,3
2026-07-03,Email,Promo Blast,33.59,1932,377,44,8
2026-07-03,Organic Social,LinkedIn Organic,0.0,16142,534,19,3
2026-07-03,Organic Social,FB Organic,0.0,14210,413,11,2
2026-07-03,LinkedIn Ads,Sponsored Content,516.78,3238,29,1,0
2026-07-03,LinkedIn Ads,InMail Campaign,406.29,19496,185,7,1
2026-07-04,Google Ads,Search - Brand,454.25,9481,373,28,6
2026-07-04,Google Ads,Search - Competitor,676.96,17900,888,43,8
2026-07-04,Google Ads,Display - Retargeting,720.06,18017,1003,72,14
2026-07-04,Meta Ads,FB - Lead Gen,591.52,14893,220,8,1
2026-07-04,Meta Ads,IG - Awareness,387.9,14421,218,7,0
2026-07-04,Meta Ads,FB - Retargeting,491.55,15004,225,10,2
2026-07-04,Email,Monthly Newsletter,14.95,2618,265,17,3
2026-07-04,Email,Promo Blast,23.79,2867,206,22,2
2026-07-04,Organic Social,LinkedIn Organic,0.0,16109,614,11,0
2026-07-04,Organic Social,FB Organic,0.0,22202,831,26,4
2026-07-04,LinkedIn Ads,Sponsored Content,540.8,11105,97,5,1
2026-07-04,LinkedIn Ads,InMail Campaign,760.46,16569,119,5,0
2026-07-05,Google Ads,Search - Brand,495.79,13362,538,33,4
2026-07-05,Google Ads,Search - Competitor,768.15,15000,673,36,6
2026-07-05,Google Ads,Display - Retargeting,723.76,11531,450,24,2
2026-07-05,Meta Ads,FB - Lead Gen,371.09,13095,276,11,2
2026-07-05,Meta Ads,IG - Awareness,565.94,14450,280,10,1
2026-07-05,Meta Ads,FB - Retargeting,398.68,5244,91,5,1
2026-07-05,Email,Monthly Newsletter,31.03,3618,441,42,6
2026-07-05,Email,Promo Blast,23.02,3307,492,42,6
2026-07-05,Organic Social,LinkedIn Organic,0.0,17404,371,3,0
2026-07-05,Organic Social,FB Organic,0.0,12967,377,9,2
2026-07-05,LinkedIn Ads,Sponsored Content,486.76,16201,145,4,0
2026-07-05,LinkedIn Ads,InMail Campaign,441.48,17681,111,2,0
2026-07-06,Google Ads,Search - Brand,656.46,11391,423,33,3
2026-07-06,Google Ads,Search - Competitor,846.4,11397,578,31,6
2026-07-06,Google Ads,Display - Retargeting,518.38,14348,650,27,5
2026-07-06,Meta Ads,FB - Lead Gen,406.79,14085,203,1,0
2026-07-06,Meta Ads,IG - Awareness,748.14,18138,325,11,1
2026-07-06,Meta Ads,FB - Retargeting,530.5,10276,226,10,2
2026-07-06,Email,Monthly Newsletter,27.74,3009,409,43,6
2026-07-06,Email,Promo Blast,21.41,3050,479,27,2
2026-07-06,Organic Social,LinkedIn Organic,0.0,15203,471,15,2
2026-07-06,Organic Social,FB Organic,0.0,8596,215,6,0
2026-07-06,LinkedIn Ads,Sponsored Content,430.22,21645,173,9,1
2026-07-06,LinkedIn Ads,InMail Campaign,380.66,13499,101,6,1
2026-07-07,Google Ads,Search - Brand,433.28,15986,791,63,16
2026-07-07,Google Ads,Search - Competitor,447.74,11756,395,22,4
2026-07-07,Google Ads,Display - Retargeting,748.1,14696,619,38,5
2026-07-07,Meta Ads,FB - Lead Gen,710.45,8569,159,10,1
2026-07-07,Meta Ads,IG - Awareness,444.5,13570,235,13,0
2026-07-07,Meta Ads,FB - Retargeting,645.57,9304,158,5,1
2026-07-07,Email,Monthly Newsletter,15.01,3231,544,28,5
2026-07-07,Email,Promo Blast,20.86,3212,386,28,5
2026-07-07,Organic Social,LinkedIn Organic,0.0,14236,488,8,1
2026-07-07,Organic Social,FB Organic,0.0,20936,672,18,3
2026-07-07,LinkedIn Ads,Sponsored Content,309.33,17418,163,7,1
2026-07-07,LinkedIn Ads,InMail Campaign,479.91,13253,104,8,1
2026-07-08,Google Ads,Search - Brand,546.25,12409,641,36,5
2026-07-08,Google Ads,Search - Competitor,798.2,20678,818,21,4
2026-07-08,Google Ads,Display - Retargeting,497.31,18162,495,37,4
2026-07-08,Meta Ads,FB - Lead Gen,551.92,15057,219,7,1
2026-07-08,Meta Ads,IG - Awareness,479.02,17337,435,9,2
2026-07-08,Meta Ads,FB - Retargeting,478.84,11404,150,5,1
2026-07-08,Email,Monthly Newsletter,24.2,3755,319,28,3
2026-07-08,Email,Promo Blast,27.27,3443,378,7,1
2026-07-08,Organic Social,LinkedIn Organic,0.0,16617,621,12,2
2026-07-08,Organic Social,FB Organic,0.0,7885,251,6,1
2026-07-08,LinkedIn Ads,Sponsored Content,489.11,13051,90,4,0
2026-07-08,LinkedIn Ads,InMail Campaign,327.84,17717,109,6,1
2026-07-09,Google Ads,Search - Brand,341.13,12289,685,29,4
2026-07-09,Google Ads,Search - Competitor,669.31,18133,774,38,9
2026-07-09,Google Ads,Display - Retargeting,860.83,18915,865,39,5
2026-07-09,Meta Ads,FB - Lead Gen,527.63,16673,384,18,1
2026-07-09,Meta Ads,IG - Awareness,589.39,11007,182,7,1
2026-07-09,Meta Ads,FB - Retargeting,829.49,17426,302,14,3
2026-07-09,Email,Monthly Newsletter,23.0,3897,489,50,10
2026-07-09,Email,Promo Blast,27.63,3419,359,26,3
2026-07-09,Organic Social,LinkedIn Organic,0.0,18115,593,26,4
2026-07-09,Organic Social,FB Organic,0.0,10633,294,10,2
2026-07-09,LinkedIn Ads,Sponsored Content,416.93,14713,81,3,0
2026-07-09,LinkedIn Ads,InMail Campaign,514.71,17002,137,6,0
2026-07-10,Google Ads,Search - Brand,704.82,16683,824,41,2
2026-07-10,Google Ads,Search - Competitor,764.57,13084,487,35,5
2026-07-10,Google Ads,Display - Retargeting,758.99,17468,893,31,7
2026-07-10,Meta Ads,FB - Lead Gen,497.15,13522,250,4,0
2026-07-10,Meta Ads,IG - Awareness,346.57,9589,120,6,0
2026-07-10,Meta Ads,FB - Retargeting,645.6,12856,152,4,0
2026-07-10,Email,Monthly Newsletter,24.03,2725,337,34,8
2026-07-10,Email,Promo Blast,34.05,2820,248,19,3
2026-07-10,Organic Social,LinkedIn Organic,0.0,11171,358,10,1
2026-07-10,Organic Social,FB Organic,0.0,14078,344,13,3
2026-07-10,LinkedIn Ads,Sponsored Content,242.3,11281,63,2,0
2026-07-10,LinkedIn Ads,InMail Campaign,286.91,11312,72,3,0
2026-07-11,Google Ads,Search - Brand,491.74,15707,629,34,8
2026-07-11,Google Ads,Search - Competitor,801.07,9801,514,38,4
2026-07-11,Google Ads,Display - Retargeting,722.82,21151,738,32,7
2026-07-11,Meta Ads,FB - Lead Gen,498.34,17205,330,14,1
2026-07-11,Meta Ads,IG - Awareness,588.85,19678,337,13,1
2026-07-11,Meta Ads,FB - Retargeting,526.66,17288,307,16,2
2026-07-11,Email,Monthly Newsletter,28.53,2490,297,25,4
2026-07-11,Email,Promo Blast,22.69,2934,410,32,3
2026-07-11,Organic Social,LinkedIn Organic,0.0,20525,456,16,2
2026-07-11,Organic Social,FB Organic,0.0,16176,462,10,1
2026-07-11,LinkedIn Ads,Sponsored Content,346.93,11672,92,3,0
2026-07-11,LinkedIn Ads,InMail Campaign,617.32,12679,106,6,1
2026-07-12,Google Ads,Search - Brand,611.39,17970,886,33,7
2026-07-12,Google Ads,Search - Competitor,733.09,11946,541,39,6
2026-07-12,Google Ads,Display - Retargeting,760.95,24455,927,32,6
2026-07-12,Meta Ads,FB - Lead Gen,550.85,14076,327,7,1
2026-07-12,Meta Ads,IG - Awareness,395.98,21877,550,16,2
2026-07-12,Meta Ads,FB - Retargeting,566.95,13451,239,9,0
2026-07-12,Email,Monthly Newsletter,24.91,2655,287,37,4
2026-07-12,Email,Promo Blast,30.08,2860,323,35,6
2026-07-12,Organic Social,LinkedIn Organic,0.0,18872,528,12,1
2026-07-12,Organic Social,FB Organic,0.0,26796,1003,17,1
2026-07-12,LinkedIn Ads,Sponsored Content,504.21,17189,152,7,1
2026-07-12,LinkedIn Ads,InMail Campaign,486.89,15343,68,3,0
2026-07-13,Google Ads,Search - Brand,626.28,26941,1301,70,15
2026-07-13,Google Ads,Search - Competitor,672.4,16680,841,81,9
2026-07-13,Google Ads,Display - Retargeting,671.04,11294,564,24,3
2026-07-13,Meta Ads,FB - Lead Gen,432.24,18903,402,10,1
2026-07-13,Meta Ads,IG - Awareness,383.88,9965,171,6,1
2026-07-13,Meta Ads,FB - Retargeting,517.18,9489,151,7,1
2026-07-13,Email,Monthly Newsletter,15.09,2060,339,34,4
2026-07-13,Email,Promo Blast,28.34,1682,201,19,4
2026-07-13,Organic Social,LinkedIn Organic,0.0,15342,375,12,1
2026-07-13,Organic Social,FB Organic,0.0,11016,373,14,2
2026-07-13,LinkedIn Ads,Sponsored Content,454.3,9205,69,3,0
2026-07-13,LinkedIn Ads,InMail Campaign,324.9,20856,200,10,2
2026-07-14,Google Ads,Search - Brand,655.82,16556,737,60,14
2026-07-14,Google Ads,Search - Competitor,506.15,9723,419,19,3
2026-07-14,Google Ads,Display - Retargeting,785.62,13170,587,35,7
2026-07-14,Meta Ads,FB - Lead Gen,204.53,12573,235,12,1
2026-07-14,Meta Ads,IG - Awareness,247.74,17478,274,7,1
2026-07-14,Meta Ads,FB - Retargeting,445.14,12581,126,6,1
2026-07-14,Email,Monthly Newsletter,29.07,2431,279,25,5
2026-07-14,Email,Promo Blast,29.18,2632,321,32,8
2026-07-14,Organic Social,LinkedIn Organic,0.0,18156,553,23,4
2026-07-14,Organic Social,FB Organic,0.0,20613,704,18,2
2026-07-14,LinkedIn Ads,Sponsored Content,483.36,16852,140,7,1
2026-07-14,LinkedIn Ads,InMail Campaign,570.55,15762,149,5,0
2026-07-15,Google Ads,Search - Brand,871.4,14127,527,25,3
2026-07-15,Google Ads,Search - Competitor,482.29,13517,437,26,5
2026-07-15,Google Ads,Display - Retargeting,463.84,21077,1045,82,12
2026-07-15,Meta Ads,FB - Lead Gen,566.36,10632,225,9,1
2026-07-15,Meta Ads,IG - Awareness,329.51,11419,230,6,1
2026-07-15,Meta Ads,FB - Retargeting,307.17,18392,249,11,2
2026-07-15,Email,Monthly Newsletter,20.65,3291,415,31,4
2026-07-15,Email,Promo Blast,12.73,3174,261,24,4
2026-07-15,Organic Social,LinkedIn Organic,0.0,13791,386,14,2
2026-07-15,Organic Social,FB Organic,0.0,16877,350,12,2
2026-07-15,LinkedIn Ads,Sponsored Content,335.62,14023,111,5,0
2026-07-15,LinkedIn Ads,InMail Campaign,611.03,19327,114,6,1
2026-07-16,Google Ads,Search - Brand,658.02,19363,1222,95,18
2026-07-16,Google Ads,Search - Competitor,756.76,15579,704,37,9
2026-07-16,Google Ads,Display - Retargeting,477.24,21129,1045,36,7
2026-07-16,Meta Ads,FB - Lead Gen,221.66,17502,370,12,2
2026-07-16,Meta Ads,IG - Awareness,694.65,12977,184,10,2
2026-07-16,Meta Ads,FB - Retargeting,467.1,19045,434,13,2
2026-07-16,Email,Monthly Newsletter,32.69,3842,512,33,9
2026-07-16,Email,Promo Blast,21.68,2832,363,47,10
2026-07-16,Organic Social,LinkedIn Organic,0.0,16853,509,17,0
2026-07-16,Organic Social,FB Organic,0.0,15965,368,12,2
2026-07-16,LinkedIn Ads,Sponsored Content,647.49,21292,154,7,1
2026-07-16,LinkedIn Ads,InMail Campaign,399.19,15780,107,3,0
2026-07-17,Google Ads,Search - Brand,694.43,11782,625,30,5
2026-07-17,Google Ads,Search - Competitor,723.05,14865,729,36,6
2026-07-17,Google Ads,Display - Retargeting,569.12,12013,521,16,2
2026-07-17,Meta Ads,FB - Lead Gen,433.43,13975,239,9,1
2026-07-17,Meta Ads,IG - Awareness,568.69,12400,169,4,0
2026-07-17,Meta Ads,FB - Retargeting,425.61,11920,158,5,0
2026-07-17,Email,Monthly Newsletter,28.72,2721,299,19,3
2026-07-17,Email,Promo Blast,19.7,3286,253,20,3
2026-07-17,Organic Social,LinkedIn Organic,0.0,25772,827,17,2
2026-07-17,Organic Social,FB Organic,0.0,14677,366,13,1
2026-07-17,LinkedIn Ads,Sponsored Content,436.86,12457,134,6,1
2026-07-17,LinkedIn Ads,InMail Campaign,541.59,16928,145,8,0
2026-07-18,Google Ads,Search - Brand,558.17,18380,819,28,4
2026-07-18,Google Ads,Search - Competitor,855.62,19987,888,68,10
2026-07-18,Google Ads,Display - Retargeting,344.42,11302,667,36,6
2026-07-18,Meta Ads,FB - Lead Gen,431.69,22616,539,35,6
2026-07-18,Meta Ads,IG - Awareness,501.16,8933,208,5,0
2026-07-18,Meta Ads,FB - Retargeting,338.65,12644,189,6,0
2026-07-18,Email,Monthly Newsletter,21.57,3416,319,30,7
2026-07-18,Email,Promo Blast,21.79,2641,302,36,6
2026-07-18,Organic Social,LinkedIn Organic,0.0,16935,396,14,2
2026-07-18,Organic Social,FB Organic,0.0,11645,287,9,2
2026-07-18,LinkedIn Ads,Sponsored Content,378.3,16833,78,3,0
2026-07-18,LinkedIn Ads,InMail Campaign,347.66,11253,78,4,0
2026-07-19,Google Ads,Search - Brand,264.27,6517,257,17,0
2026-07-19,Google Ads,Search - Competitor,525.04,12895,741,39,7
2026-07-19,Google Ads,Display - Retargeting,621.19,6477,336,21,4
2026-07-19,Meta Ads,FB - Lead Gen,924.73,6663,161,5,0
2026-07-19,Meta Ads,IG - Awareness,461.36,13303,212,9,0
2026-07-19,Meta Ads,FB - Retargeting,554.23,13335,185,6,1
2026-07-19,Email,Monthly Newsletter,21.65,3179,325,35,7
2026-07-19,Email,Promo Blast,36.55,2912,396,36,8
2026-07-19,Organic Social,LinkedIn Organic,0.0,17980,518,15,2
2026-07-19,Organic Social,FB Organic,0.0,14535,454,20,4
2026-07-19,LinkedIn Ads,Sponsored Content,547.78,13177,86,5,1
2026-07-19,LinkedIn Ads,InMail Campaign,615.68,12584,96,2,0
2026-07-20,Google Ads,Search - Brand,749.49,13134,666,37,7
2026-07-20,Google Ads,Search - Competitor,427.85,15340,277,15,1
2026-07-20,Google Ads,Display - Retargeting,780.9,18109,890,77,10
2026-07-20,Meta Ads,FB - Lead Gen,670.53,18728,321,17,2
2026-07-20,Meta Ads,IG - Awareness,370.47,12565,202,5,1
2026-07-20,Meta Ads,FB - Retargeting,436.47,16410,261,4,0
2026-07-20,Email,Monthly Newsletter,13.05,2965,258,37,8
2026-07-20,Email,Promo Blast,25.66,3631,361,37,7
2026-07-20,Organic Social,LinkedIn Organic,0.0,20089,690,22,2
2026-07-20,Organic Social,FB Organic,0.0,14509,443,8,2
2026-07-20,LinkedIn Ads,Sponsored Content,620.59,17408,141,6,0
2026-07-20,LinkedIn Ads,InMail Campaign,458.72,16031,96,5,0
2026-07-21,Google Ads,Search - Brand,313.83,11558,477,44,9
2026-07-21,Google Ads,Search - Competitor,399.68,16944,526,41,6
2026-07-21,Google Ads,Display - Retargeting,585.95,20303,678,23,3
2026-07-21,Meta Ads,FB - Lead Gen,587.81,8922,69,2,0
2026-07-21,Meta Ads,IG - Awareness,606.7,13147,217,11,0
2026-07-21,Meta Ads,FB - Retargeting,421.34,15761,309,10,1
2026-07-21,Email,Monthly Newsletter,9.45,2670,349,22,4
2026-07-21,Email,Promo Blast,27.79,2828,350,22,3
2026-07-21,Organic Social,LinkedIn Organic,0.0,15627,413,13,2
2026-07-21,Organic Social,FB Organic,0.0,19636,549,18,4
2026-07-21,LinkedIn Ads,Sponsored Content,295.69,12162,91,3,0
2026-07-21,LinkedIn Ads,InMail Campaign,353.61,12777,106,3,0
2026-07-22,Google Ads,Search - Brand,647.62,13668,603,30,3
2026-07-22,Google Ads,Search - Competitor,648.24,22019,994,63,13
2026-07-22,Google Ads,Display - Retargeting,409.6,21810,1021,91,13
2026-07-22,Meta Ads,FB - Lead Gen,678.77,18100,361,15,2
2026-07-22,Meta Ads,IG - Awareness,606.73,15561,169,4,0
2026-07-22,Meta Ads,FB - Retargeting,502.83,14773,330,5,0
2026-07-22,Email,Monthly Newsletter,13.64,3379,397,40,5
2026-07-22,Email,Promo Blast,33.0,3520,471,40,8
2026-07-22,Organic Social,LinkedIn Organic,0.0,18422,734,29,4
2026-07-22,Organic Social,FB Organic,0.0,9827,328,11,0
2026-07-22,LinkedIn Ads,Sponsored Content,319.3,13867,104,3,0
2026-07-22,LinkedIn Ads,InMail Campaign,478.29,14222,96,6,1
2026-07-23,Google Ads,Search - Brand,527.47,12551,620,33,5
2026-07-23,Google Ads,Search - Competitor,710.95,7362,418,25,3
2026-07-23,Google Ads,Display - Retargeting,586.61,14849,436,37,6
2026-07-23,Meta Ads,FB - Lead Gen,518.35,18806,269,12,1
2026-07-23,Meta Ads,IG - Awareness,565.46,6491,114,3,0
2026-07-23,Meta Ads,FB - Retargeting,521.51,12169,187,7,0
2026-07-23,Email,Monthly Newsletter,30.26,2815,141,11,1
2026-07-23,Email,Promo Blast,14.8,2381,291,36,7
2026-07-23,Organic Social,LinkedIn Organic,0.0,16823,458,10,1
2026-07-23,Organic Social,FB Organic,0.0,13440,415,12,1
2026-07-23,LinkedIn Ads,Sponsored Content,343.6,17432,102,6,0
2026-07-23,LinkedIn Ads,InMail Campaign,365.35,9132,65,4,0
2026-07-24,Google Ads,Search - Brand,746.76,17088,599,32,4
2026-07-24,Google Ads,Search - Competitor,799.59,10212,541,41,11
2026-07-24,Google Ads,Display - Retargeting,538.55,17849,1169,57,5
2026-07-24,Meta Ads,FB - Lead Gen,247.33,17850,200,7,1
2026-07-24,Meta Ads,IG - Awareness,488.27,16701,313,17,2
2026-07-24,Meta Ads,FB - Retargeting,387.68,11909,249,12,2
2026-07-24,Email,Monthly Newsletter,32.4,2410,385,50,10
2026-07-24,Email,Promo Blast,36.14,2171,233,16,3
2026-07-24,Organic Social,LinkedIn Organic,0.0,18029,689,24,4
2026-07-24,Organic Social,FB Organic,0.0,11612,435,16,2
2026-07-24,LinkedIn Ads,Sponsored Content,402.99,6896,43,3,0
2026-07-24,LinkedIn Ads,InMail Campaign,471.32,19029,114,6,1
2026-07-25,Google Ads,Search - Brand,601.87,26473,793,62,10
2026-07-25,Google Ads,Search - Competitor,715.79,16765,643,41,3
2026-07-25,Google Ads,Display - Retargeting,690.49,16192,821,64,12
2026-07-25,Meta Ads,FB - Lead Gen,483.94,11475,177,9,2
2026-07-25,Meta Ads,IG - Awareness,438.89,15184,223,12,2
2026-07-25,Meta Ads,FB - Retargeting,693.14,11486,191,8,1
2026-07-25,Email,Monthly Newsletter,23.65,2563,361,39,5
2026-07-25,Email,Promo Blast,33.47,3585,441,40,8
2026-07-25,Organic Social,LinkedIn Organic,0.0,15120,258,9,0
2026-07-25,Organic Social,FB Organic,0.0,13679,392,9,1
2026-07-25,LinkedIn Ads,Sponsored Content,609.58,5048,50,2,0
2026-07-25,LinkedIn Ads,InMail Campaign,329.03,21705,140,4,0
2026-07-26,Google Ads,Search - Brand,650.78,11248,528,21,4
2026-07-26,Google Ads,Search - Competitor,759.21,17128,826,75,13
2026-07-26,Google Ads,Display - Retargeting,422.72,16797,1071,44,7
2026-07-26,Meta Ads,FB - Lead Gen,515.25,14784,213,11,3
2026-07-26,Meta Ads,IG - Awareness,489.55,11383,141,6,1
2026-07-26,Meta Ads,FB - Retargeting,522.1,14990,238,6,1
2026-07-26,Email,Monthly Newsletter,30.71,2227,352,37,9
2026-07-26,Email,Promo Blast,16.61,2317,269,27,7
2026-07-26,Organic Social,LinkedIn Organic,0.0,14029,334,13,1
2026-07-26,Organic Social,FB Organic,0.0,13862,548,19,3
2026-07-26,LinkedIn Ads,Sponsored Content,391.57,13636,118,6,0
2026-07-26,LinkedIn Ads,InMail Campaign,431.37,15314,70,3,0
2026-07-27,Google Ads,Search - Brand,427.0,8250,238,8,1
2026-07-27,Google Ads,Search - Competitor,892.99,12896,600,40,7
2026-07-27,Google Ads,Display - Retargeting,588.38,10218,593,54,5
2026-07-27,Meta Ads,FB - Lead Gen,347.2,13880,201,9,1
2026-07-27,Meta Ads,IG - Awareness,719.26,19762,370,19,4
2026-07-27,Meta Ads,FB - Retargeting,400.87,11735,214,10,1
2026-07-27,Email,Monthly Newsletter,15.14,2598,307,27,7
2026-07-27,Email,Promo Blast,16.34,3252,506,76,12
2026-07-27,Organic Social,LinkedIn Organic,0.0,17279,538,15,3
2026-07-27,Organic Social,FB Organic,0.0,17728,545,15,4
2026-07-27,LinkedIn Ads,Sponsored Content,374.07,13387,149,5,0
2026-07-27,LinkedIn Ads,InMail Campaign,433.46,18362,153,4,0
2026-07-28,Google Ads,Search - Brand,508.9,14691,717,48,4
2026-07-28,Google Ads,Search - Competitor,759.59,16010,919,62,14
2026-07-28,Google Ads,Display - Retargeting,669.98,20384,1013,58,17
2026-07-28,Meta Ads,FB - Lead Gen,570.39,17294,231,5,0
2026-07-28,Meta Ads,IG - Awareness,483.64,12543,232,13,2
2026-07-28,Meta Ads,FB - Retargeting,333.55,14553,219,7,1
2026-07-28,Email,Monthly Newsletter,22.01,2372,277,20,1
2026-07-28,Email,Promo Blast,37.83,3544,393,35,4
2026-07-28,Organic Social,LinkedIn Organic,0.0,22589,698,27,5
2026-07-28,Organic Social,FB Organic,0.0,13352,411,10,1
2026-07-28,LinkedIn Ads,Sponsored Content,439.72,14676,118,4,0
2026-07-28,LinkedIn Ads,InMail Campaign,305.48,18911,87,5,1
2026-07-29,Google Ads,Search - Brand,554.67,4587,191,11,1
2026-07-29,Google Ads,Search - Competitor,522.72,21120,1076,46,4
2026-07-29,Google Ads,Display - Retargeting,550.95,14146,699,35,7
2026-07-29,Meta Ads,FB - Lead Gen,692.43,18262,325,12,1
2026-07-29,Meta Ads,IG - Awareness,604.41,12490,226,9,1
2026-07-29,Meta Ads,FB - Retargeting,306.55,16291,289,13,1
2026-07-29,Email,Monthly Newsletter,32.63,2561,412,17,3
2026-07-29,Email,Promo Blast,27.97,2602,338,42,2
2026-07-29,Organic Social,LinkedIn Organic,0.0,5026,121,5,0
2026-07-29,Organic Social,FB Organic,0.0,14208,602,8,1
2026-07-29,LinkedIn Ads,Sponsored Content,618.46,22430,175,5,1
2026-07-29,LinkedIn Ads,InMail Campaign,629.37,17715,118,5,0
2026-07-30,Google Ads,Search - Brand,649.63,20804,1100,44,10
2026-07-30,Google Ads,Search - Competitor,646.97,17748,1032,41,7
2026-07-30,Google Ads,Display - Retargeting,520.28,8728,419,44,3
2026-07-30,Meta Ads,FB - Lead Gen,462.9,17562,323,12,1
2026-07-30,Meta Ads,IG - Awareness,493.83,11972,121,6,1
2026-07-30,Meta Ads,FB - Retargeting,472.69,15916,348,14,3
2026-07-30,Email,Monthly Newsletter,23.14,3655,466,44,5
2026-07-30,Email,Promo Blast,26.79,2584,270,18,2
2026-07-30,Organic Social,LinkedIn Organic,0.0,20325,843,16,2
2026-07-30,Organic Social,FB Organic,0.0,12217,299,12,1
2026-07-30,LinkedIn Ads,Sponsored Content,570.19,17416,203,5,1
2026-07-30,LinkedIn Ads,InMail Campaign,578.97,11106,106,5,0
2026-07-31,Google Ads,Search - Brand,476.41,12123,769,46,10
2026-07-31,Google Ads,Search - Competitor,481.37,11880,650,23,3
2026-07-31,Google Ads,Display - Retargeting,605.1,15445,670,44,9
2026-07-31,Meta Ads,FB - Lead Gen,552.37,11056,187,10,2
2026-07-31,Meta Ads,IG - Awareness,306.5,16405,178,7,1
2026-07-31,Meta Ads,FB - Retargeting,356.08,11662,241,5,0
2026-07-31,Email,Monthly Newsletter,28.73,2682,306,33,6
2026-07-31,Email,Promo Blast,26.67,2830,364,31,6
2026-07-31,Organic Social,LinkedIn Organic,0.0,14269,343,10,1
2026-07-31,Organic Social,FB Organic,0.0,16034,501,18,2
2026-07-31,LinkedIn Ads,Sponsored Content,495.91,17203,149,5,0
2026-07-31,LinkedIn Ads,InMail Campaign,490.97,15028,70,3,0
2026-08-01,Google Ads,Search - Brand,545.99,12087,584,38,9
2026-08-01,Google Ads,Search - Competitor,411.32,17925,901,51,10
2026-08-01,Google Ads,Display - Retargeting,754.42,18489,641,47,8
2026-08-01,Meta Ads,FB - Lead Gen,475.17,15292,266,14,2
2026-08-01,Meta Ads,IG - Awareness,336.05,13425,250,13,2
2026-08-01,Meta Ads,FB - Retargeting,367.44,24940,472,26,4
2026-08-01,Email,Monthly Newsletter,28.33,3419,510,60,13
2026-08-01,Email,Promo Blast,23.03,2714,347,39,6
2026-08-01,Organic Social,LinkedIn Organic,0.0,20810,509,11,1
2026-08-01,Organic Social,FB Organic,0.0,12901,491,16,2
2026-08-01,LinkedIn Ads,Sponsored Content,288.46,9736,82,1,0
2026-08-01,LinkedIn Ads,InMail Campaign,432.21,27972,327,15,2
2026-08-02,Google Ads,Search - Brand,749.34,21812,659,18,2
2026-08-02,Google Ads,Search - Competitor,687.41,16987,927,35,2
2026-08-02,Google Ads,Display - Retargeting,728.7,11687,313,19,4
2026-08-02,Meta Ads,FB - Lead Gen,452.43,13168,229,8,0
2026-08-02,Meta Ads,IG - Awareness,383.29,17085,327,13,1
2026-08-02,Meta Ads,FB - Retargeting,445.49,6291,117,6,0
2026-08-02,Email,Monthly Newsletter,21.34,3164,474,36,5
2026-08-02,Email,Promo Blast,12.69,3051,515,50,8
2026-08-02,Organic Social,LinkedIn Organic,0.0,14955,375,14,2
2026-08-02,Organic Social,FB Organic,0.0,11098,419,15,2
2026-08-02,LinkedIn Ads,Sponsored Content,562.71,13009,87,3,0
2026-08-02,LinkedIn Ads,InMail Campaign,503.05,7675,46,0,0
2026-08-03,Google Ads,Search - Brand,577.45,13693,487,18,3
2026-08-03,Google Ads,Search - Competitor,517.42,16265,602,38,9
2026-08-03,Google Ads,Display - Retargeting,687.92,13350,631,35,6
2026-08-03,Meta Ads,FB - Lead Gen,428.68,14342,269,7,0
2026-08-03,Meta Ads,IG - Awareness,304.67,8598,117,4,0
2026-08-03,Meta Ads,FB - Retargeting,526.59,15138,165,7,1
2026-08-03,Email,Monthly Newsletter,18.79,3210,319,29,3
2026-08-03,Email,Promo Blast,13.79,2808,328,25,3
2026-08-03,Organic Social,LinkedIn Organic,0.0,16077,477,15,2
2026-08-03,Organic Social,FB Organic,0.0,10295,338,13,2
2026-08-03,LinkedIn Ads,Sponsored Content,427.22,12886,124,3,0
2026-08-03,LinkedIn Ads,InMail Campaign,405.27,19950,171,6,0
2026-08-04,Google Ads,Search - Brand,507.85,12160,654,23,5
2026-08-04,Google Ads,Search - Competitor,724.23,19363,790,45,4
2026-08-04,Google Ads,Display - Retargeting,521.3,16974,961,38,6
2026-08-04,Meta Ads,FB - Lead Gen,449.02,9416,189,5,0
2026-08-04,Meta Ads,IG - Awareness,413.94,11842,212,7,1
2026-08-04,Meta Ads,FB - Retargeting,381.68,16278,389,16,3
2026-08-04,Email,Monthly Newsletter,16.31,3078,288,14,2
2026-08-04,Email,Promo Blast,32.45,3475,437,21,3
2026-08-04,Organic Social,LinkedIn Organic,0.0,15702,297,6,1
2026-08-04,Organic Social,FB Organic,0.0,6215,180,5,1
2026-08-04,LinkedIn Ads,Sponsored Content,527.95,17330,116,2,0
2026-08-04,LinkedIn Ads,InMail Campaign,562.68,20573,187,10,1
2026-08-05,Google Ads,Search - Brand,516.58,14479,869,37,9
2026-08-05,Google Ads,Search - Competitor,551.7,20301,656,46,6
2026-08-05,Google Ads,Display - Retargeting,387.71,15874,858,38,3
2026-08-05,Meta Ads,FB - Lead Gen,455.95,14650,292,15,2
2026-08-05,Meta Ads,IG - Awareness,683.14,15896,266,5,0
2026-08-05,Meta Ads,FB - Retargeting,427.42,18841,370,9,1
2026-08-05,Email,Monthly Newsletter,29.2,3764,531,58,10
2026-08-05,Email,Promo Blast,27.43,3624,318,25,3
2026-08-05,Organic Social,LinkedIn Organic,0.0,19920,526,4,0
2026-08-05,Organic Social,FB Organic,0.0,17150,558,15,1
2026-08-05,LinkedIn Ads,Sponsored Content,507.97,11662,134,7,1
2026-08-05,LinkedIn Ads,InMail Campaign,381.22,14628,111,7,1
2026-08-06,Google Ads,Search - Brand,490.26,22561,1025,75,11
2026-08-06,Google Ads,Search - Competitor,654.47,16244,454,43,10
2026-08-06,Google Ads,Display - Retargeting,540.42,10590,509,31,6
2026-08-06,Meta Ads,FB - Lead Gen,489.02,17024,395,18,2
2026-08-06,Meta Ads,IG - Awareness,625.63,21562,632,16,3
2026-08-06,Meta Ads,FB - Retargeting,223.76,17212,275,17,2
2026-08-06,Email,Monthly Newsletter,14.44,2764,200,22,1
2026-08-06,Email,Promo Blast,25.18,1961,220,29,5
2026-08-06,Organic Social,LinkedIn Organic,0.0,14875,447,15,1
2026-08-06,Organic Social,FB Organic,0.0,4182,109,2,0
2026-08-06,LinkedIn Ads,Sponsored Content,452.55,9377,60,3,0
2026-08-06,LinkedIn Ads,InMail Campaign,384.85,13076,119,5,0
2026-08-07,Google Ads,Search - Brand,925.49,9305,263,19,2
2026-08-07,Google Ads,Search - Competitor,552.26,11875,506,44,9
2026-08-07,Google Ads,Display - Retargeting,729.33,9335,323,2,0
2026-08-07,Meta Ads,FB - Lead Gen,578.28,17067,293,11,1
2026-08-07,Meta Ads,IG - Awareness,490.56,18063,220,9,2
2026-08-07,Meta Ads,FB - Retargeting,418.24,17802,500,19,3
2026-08-07,Email,Monthly Newsletter,20.39,3090,404,38,4
2026-08-07,Email,Promo Blast,26.29,3731,487,56,9
2026-08-07,Organic Social,LinkedIn Organic,0.0,16117,391,12,1
2026-08-07,Organic Social,FB Organic,0.0,15757,500,9,2
2026-08-07,LinkedIn Ads,Sponsored Content,514.35,12181,67,3,0
2026-08-07,LinkedIn Ads,InMail Campaign,462.73,13547,64,2,0
2026-08-08,Google Ads,Search - Brand,695.05,12207,733,18,4
2026-08-08,Google Ads,Search - Competitor,566.35,18438,842,67,10
2026-08-08,Google Ads,Display - Retargeting,435.21,20682,909,58,14
2026-08-08,Meta Ads,FB - Lead Gen,346.27,17381,275,10,1
2026-08-08,Meta Ads,IG - Awareness,291.64,11884,271,13,2
2026-08-08,Meta Ads,FB - Retargeting,495.03,13823,316,11,2
2026-08-08,Email,Monthly Newsletter,32.16,2611,410,19,4
2026-08-08,Email,Promo Blast,22.67,2878,214,16,2
2026-08-08,Organic Social,LinkedIn Organic,0.0,14450,516,16,3
2026-08-08,Organic Social,FB Organic,0.0,11476,468,10,2
2026-08-08,LinkedIn Ads,Sponsored Content,422.66,15009,145,10,1
2026-08-08,LinkedIn Ads,InMail Campaign,406.32,14776,126,7,1
2026-08-09,Google Ads,Search - Brand,692.83,21553,1043,68,7
2026-08-09,Google Ads,Search - Competitor,205.39,16553,730,37,7
2026-08-09,Google Ads,Display - Retargeting,590.94,19511,893,41,9
2026-08-09,Meta Ads,FB - Lead Gen,441.33,17106,278,8,1
2026-08-09,Meta Ads,IG - Awareness,468.16,16919,288,5,0
2026-08-09,Meta Ads,FB - Retargeting,559.28,13810,236,12,1
2026-08-09,Email,Monthly Newsletter,15.36,2919,316,20,3
2026-08-09,Email,Promo Blast,28.07,2995,381,52,8
2026-08-09,Organic Social,LinkedIn Organic,0.0,12963,323,7,1
2026-08-09,Organic Social,FB Organic,0.0,24396,627,16,2
2026-08-09,LinkedIn Ads,Sponsored Content,494.53,16054,161,2,0
2026-08-09,LinkedIn Ads,InMail Campaign,394.21,19389,106,0,0
2026-08-10,Google Ads,Search - Brand,636.55,10639,384,16,2
2026-08-10,Google Ads,Search - Competitor,506.05,16976,327,14,1
2026-08-10,Google Ads,Display - Retargeting,561.55,12847,670,17,3
2026-08-10,Meta Ads,FB - Lead Gen,531.81,22426,364,15,1
2026-08-10,Meta Ads,IG - Awareness,187.61,18379,330,17,1
2026-08-10,Meta Ads,FB - Retargeting,527.32,22475,438,18,3
2026-08-10,Email,Monthly Newsletter,15.18,3677,387,40,4
2026-08-10,Email,Promo Blast,17.63,3717,415,53,9
2026-08-10,Organic Social,LinkedIn Organic,0.0,18568,491,17,3
2026-08-10,Organic Social,FB Organic,0.0,15657,676,23,4
2026-08-10,LinkedIn Ads,Sponsored Content,570.98,15842,132,4,0
2026-08-10,LinkedIn Ads,InMail Campaign,566.49,11655,119,5,0
2026-08-11,Google Ads,Search - Brand,749.64,13852,718,39,6
2026-08-11,Google Ads,Search - Competitor,674.03,16163,437,17,3
2026-08-11,Google Ads,Display - Retargeting,580.18,12905,422,17,1
2026-08-11,Meta Ads,FB - Lead Gen,454.85,12606,183,7,1
2026-08-11,Meta Ads,IG - Awareness,710.87,8952,198,10,1
2026-08-11,Meta Ads,FB - Retargeting,490.38,13169,245,14,2
2026-08-11,Email,Monthly Newsletter,28.18,2784,234,19,4
2026-08-11,Email,Promo Blast,15.46,2472,304,19,2
2026-08-11,Organic Social,LinkedIn Organic,0.0,9537,230,8,0
2026-08-11,Organic Social,FB Organic,0.0,12479,429,12,1
2026-08-11,LinkedIn Ads,Sponsored Content,454.99,8017,70,3,0
2026-08-11,LinkedIn Ads,InMail Campaign,563.17,10490,102,5,0
2026-08-12,Google Ads,Search - Brand,597.02,14570,815,33,4
2026-08-12,Google Ads,Search - Competitor,755.45,12617,670,60,9
2026-08-12,Google Ads,Display - Retargeting,702.2,10385,537,34,6
2026-08-12,Meta Ads,FB - Lead Gen,391.35,8355,165,2,0
2026-08-12,Meta Ads,IG - Awareness,576.47,15767,394,20,2
2026-08-12,Meta Ads,FB - Retargeting,469.85,14810,182,5,0
2026-08-12,Email,Monthly Newsletter,12.27,3023,344,15,3
2026-08-12,Email,Promo Blast,29.47,3113,349,36,7
2026-08-12,Organic Social,LinkedIn Organic,0.0,11701,370,15,2
2026-08-12,Organic Social,FB Organic,0.0,12897,389,9,1
2026-08-12,LinkedIn Ads,Sponsored Content,254.0,12815,80,4,0
2026-08-12,LinkedIn Ads,InMail Campaign,522.68,5513,62,3,0
2026-08-13,Google Ads,Search - Brand,623.57,15704,612,38,5
2026-08-13,Google Ads,Search - Competitor,539.35,12254,393,24,5
2026-08-13,Google Ads,Display - Retargeting,677.23,18279,875,44,9
2026-08-13,Meta Ads,FB - Lead Gen,308.29,11397,165,8,1
2026-08-13,Meta Ads,IG - Awareness,523.52,19287,286,12,2
2026-08-13,Meta Ads,FB - Retargeting,565.47,14539,241,11,2
2026-08-13,Email,Monthly Newsletter,20.82,2969,280,6,1
2026-08-13,Email,Promo Blast,28.81,3131,229,18,1
2026-08-13,Organic Social,LinkedIn Organic,0.0,10655,399,15,2
2026-08-13,Organic Social,FB Organic,0.0,16401,408,12,1
2026-08-13,LinkedIn Ads,Sponsored Content,249.62,6078,50,2,0
2026-08-13,LinkedIn Ads,InMail Campaign,528.28,19693,148,6,1
2026-08-14,Google Ads,Search - Brand,396.46,15892,794,57,4
2026-08-14,Google Ads,Search - Competitor,485.8,11486,527,36,9
2026-08-14,Google Ads,Display - Retargeting,525.76,13009,720,47,11
2026-08-14,Meta Ads,FB - Lead Gen,500.35,10371,136,2,0
2026-08-14,Meta Ads,IG - Awareness,605.34,22397,471,25,3
2026-08-14,Meta Ads,FB - Retargeting,331.75,18400,358,14,2
2026-08-14,Email,Monthly Newsletter,27.02,3641,550,57,12
2026-08-14,Email,Promo Blast,28.21,2769,382,19,4
2026-08-14,Organic Social,LinkedIn Organic,0.0,16143,402,14,2
2026-08-14,Organic Social,FB Organic,0.0,16682,442,16,2
2026-08-14,LinkedIn Ads,Sponsored Content,494.48,11169,78,3,0
2026-08-14,LinkedIn Ads,InMail Campaign,638.7,11779,114,1,0
2026-08-15,Google Ads,Search - Brand,456.18,9589,294,19,3
2026-08-15,Google Ads,Search - Competitor,656.91,17761,841,60,10
2026-08-15,Google Ads,Display - Retargeting,421.95,19231,763,32,5
2026-08-15,Meta Ads,FB - Lead Gen,360.17,13330,256,11,1
2026-08-15,Meta Ads,IG - Awareness,409.77,19297,381,24,5
2026-08-15,Meta Ads,FB - Retargeting,600.17,9448,196,7,1
2026-08-15,Email,Monthly Newsletter,26.05,3472,458,30,6
2026-08-15,Email,Promo Blast,21.02,3108,350,29,6
2026-08-15,Organic Social,LinkedIn Organic,0.0,22780,434,10,1
2026-08-15,Organic Social,FB Organic,0.0,14598,432,14,2
2026-08-15,LinkedIn Ads,Sponsored Content,606.73,18357,172,6,1
2026-08-15,LinkedIn Ads,InMail Campaign,416.2,10977,94,3,0
2026-08-16,Google Ads,Search - Brand,439.47,21876,807,51,11
2026-08-16,Google Ads,Search - Competitor,514.4,18409,624,53,9
2026-08-16,Google Ads,Display - Retargeting,510.54,13803,721,35,4
2026-08-16,Meta Ads,FB - Lead Gen,440.82,10292,252,8,1
2026-08-16,Meta Ads,IG - Awareness,491.1,11061,198,9,1
2026-08-16,Meta Ads,FB - Retargeting,605.86,19086,406,14,1
2026-08-16,Email,Monthly Newsletter,21.17,3098,412,12,2
2026-08-16,Email,Promo Blast,25.99,2861,431,43,10
2026-08-16,Organic Social,LinkedIn Organic,0.0,18749,746,31,3
2026-08-16,Organic Social,FB Organic,0.0,13619,448,16,2
2026-08-16,LinkedIn Ads,Sponsored Content,457.63,6920,71,3,0
2026-08-16,LinkedIn Ads,InMail Campaign,415.16,19584,67,3,0
2026-08-17,Google Ads,Search - Brand,531.95,21904,810,59,11
2026-08-17,Google Ads,Search - Competitor,789.23,12331,473,37,7
2026-08-17,Google Ads,Display - Retargeting,368.26,12842,622,46,6
2026-08-17,Meta Ads,FB - Lead Gen,126.67,17092,232,3,0
2026-08-17,Meta Ads,IG - Awareness,561.63,15514,266,15,3
2026-08-17,Meta Ads,FB - Retargeting,655.24,9429,168,3,0
2026-08-17,Email,Monthly Newsletter,23.45,3313,401,42,9
2026-08-17,Email,Promo Blast,38.47,2842,276,26,3
2026-08-17,Organic Social,LinkedIn Organic,0.0,13867,368,9,1
2026-08-17,Organic Social,FB Organic,0.0,12433,497,11,1
2026-08-17,LinkedIn Ads,Sponsored Content,523.38,8474,74,2,0
2026-08-17,LinkedIn Ads,InMail Campaign,341.7,17771,173,10,1
2026-08-18,Google Ads,Search - Brand,565.3,12694,739,35,4
2026-08-18,Google Ads,Search - Competitor,699.81,11815,430,14,2
2026-08-18,Google Ads,Display - Retargeting,587.59,15972,855,59,10
2026-08-18,Meta Ads,FB - Lead Gen,443.54,17040,384,15,2
2026-08-18,Meta Ads,IG - Awareness,350.83,9219,188,8,1
2026-08-18,Meta Ads,FB - Retargeting,451.66,20627,335,17,3
2026-08-18,Email,Monthly Newsletter,21.2,3296,427,42,7
2026-08-18,Email,Promo Blast,24.76,4194,622,68,12
2026-08-18,Organic Social,LinkedIn Organic,0.0,17071,514,14,2
2026-08-18,Organic Social,FB Organic,0.0,15842,428,18,3
2026-08-18,LinkedIn Ads,Sponsored Content,316.24,14800,93,5,0
2026-08-18,LinkedIn Ads,InMail Campaign,557.76,11836,95,2,0
2026-08-19,Google Ads,Search - Brand,677.83,16983,764,51,13
2026-08-19,Google Ads,Search - Competitor,557.24,15554,547,24,4
2026-08-19,Google Ads,Display - Retargeting,765.59,13974,599,31,4
2026-08-19,Meta Ads,FB - Lead Gen,501.08,9010,203,6,1
2026-08-19,Meta Ads,IG - Awareness,318.5,17675,360,16,2
2026-08-19,Meta Ads,FB - Retargeting,495.78,10267,175,9,1
2026-08-19,Email,Monthly Newsletter,25.09,2512,340,30,1
2026-08-19,Email,Promo Blast,29.89,2987,444,26,1
2026-08-19,Organic Social,LinkedIn Organic,0.0,16166,320,6,1
2026-08-19,Organic Social,FB Organic,0.0,17923,467,5,0
2026-08-19,LinkedIn Ads,Sponsored Content,420.12,13400,104,5,0
2026-08-19,LinkedIn Ads,InMail Campaign,307.8,16944,82,1,0
2026-08-20,Google Ads,Search - Brand,676.05,14770,479,22,3
2026-08-20,Google Ads,Search - Competitor,360.62,12043,612,52,8
2026-08-20,Google Ads,Display - Retargeting,713.47,7343,374,17,3
2026-08-20,Meta Ads,FB - Lead Gen,437.76,20281,301,14,2
2026-08-20,Meta Ads,IG - Awareness,448.2,14264,213,8,1
2026-08-20,Meta Ads,FB - Retargeting,494.81,15338,320,16,2
2026-08-20,Email,Monthly Newsletter,30.43,2406,322,34,2
2026-08-20,Email,Promo Blast,25.58,2765,281,35,5
2026-08-20,Organic Social,LinkedIn Organic,0.0,15302,522,14,3
2026-08-20,Organic Social,FB Organic,0.0,6287,168,4,0
2026-08-20,LinkedIn Ads,Sponsored Content,154.71,25196,222,11,2
2026-08-20,LinkedIn Ads,InMail Campaign,713.66,18482,175,9,1
2026-08-21,Google Ads,Search - Brand,528.63,11695,453,16,2
2026-08-21,Google Ads,Search - Competitor,347.3,15763,704,44,6
2026-08-21,Google Ads,Display - Retargeting,1061.53,20440,690,44,6
2026-08-21,Meta Ads,FB - Lead Gen,348.31,9639,188,5,1
2026-08-21,Meta Ads,IG - Awareness,582.61,20495,306,13,2
2026-08-21,Meta Ads,FB - Retargeting,411.35,11912,283,12,2
2026-08-21,Email,Monthly Newsletter,19.86,2390,254,22,2
2026-08-21,Email,Promo Blast,24.94,2155,200,21,4
2026-08-21,Organic Social,LinkedIn Organic,0.0,10928,260,6,1
2026-08-21,Organic Social,FB Organic,0.0,13013,300,9,1
2026-08-21,LinkedIn Ads,Sponsored Content,391.7,20301,189,9,1
2026-08-21,LinkedIn Ads,InMail Campaign,473.78,19250,142,9,2
2026-08-22,Google Ads,Search - Brand,849.56,16220,815,69,13
2026-08-22,Google Ads,Search - Competitor,524.81,13205,622,22,3
2026-08-22,Google Ads,Display - Retargeting,764.48,6234,366,29,4
2026-08-22,Meta Ads,FB - Lead Gen,530.06,15012,336,17,1
2026-08-22,Meta Ads,IG - Awareness,535.18,14177,259,8,2
2026-08-22,Meta Ads,FB - Retargeting,588.01,12040,158,5,1
2026-08-22,Email,Monthly Newsletter,26.5,3626,503,58,11
2026-08-22,Email,Promo Blast,16.32,2902,422,37,7
2026-08-22,Organic Social,LinkedIn Organic,0.0,10880,318,10,1
2026-08-22,Organic Social,FB Organic,0.0,11242,412,11,2
2026-08-22,LinkedIn Ads,Sponsored Content,621.98,14675,93,1,0
2026-08-22,LinkedIn Ads,InMail Campaign,295.44,20513,167,9,0
2026-08-23,Google Ads,Search - Brand,420.31,18548,882,50,10
2026-08-23,Google Ads,Search - Competitor,845.37,14115,643,40,11
2026-08-23,Google Ads,Display - Retargeting,285.1,17732,779,54,7
2026-08-23,Meta Ads,FB - Lead Gen,460.95,17845,521,25,3
2026-08-23,Meta Ads,IG - Awareness,417.23,13186,152,5,1
2026-08-23,Meta Ads,FB - Retargeting,318.01,19193,379,11,1
2026-08-23,Email,Monthly Newsletter,34.99,3366,404,33,6
2026-08-23,Email,Promo Blast,21.8,1947,329,30,5
2026-08-23,Organic Social,LinkedIn Organic,0.0,12059,348,5,1
2026-08-23,Organic Social,FB Organic,0.0,10872,297,12,2
2026-08-23,LinkedIn Ads,Sponsored Content,310.93,20017,183,10,2
2026-08-23,LinkedIn Ads,InMail Campaign,719.37,23740,163,12,2
2026-08-24,Google Ads,Search - Brand,674.86,8230,357,16,3
2026-08-24,Google Ads,Search - Competitor,760.66,6702,300,24,4
2026-08-24,Google Ads,Display - Retargeting,709.36,16404,788,43,5
2026-08-24,Meta Ads,FB - Lead Gen,335.82,17837,322,12,1
2026-08-24,Meta Ads,IG - Awareness,431.06,19187,322,7,1
2026-08-24,Meta Ads,FB - Retargeting,442.76,15125,359,14,2
2026-08-24,Email,Monthly Newsletter,17.63,2890,389,18,3
2026-08-24,Email,Promo Blast,25.63,3020,437,43,10
2026-08-24,Organic Social,LinkedIn Organic,0.0,15543,474,9,2
2026-08-24,Organic Social,FB Organic,0.0,14931,493,15,2
2026-08-24,LinkedIn Ads,Sponsored Content,245.16,12176,70,5,0
2026-08-24,LinkedIn Ads,InMail Campaign,411.08,18556,115,4,0
2026-08-25,Google Ads,Search - Brand,754.32,17006,803,49,9
2026-08-25,Google Ads,Search - Competitor,630.25,10880,494,20,3
2026-08-25,Google Ads,Display - Retargeting,527.9,25157,1123,38,6
2026-08-25,Meta Ads,FB - Lead Gen,527.26,21693,344,7,1
2026-08-25,Meta Ads,IG - Awareness,305.6,13255,226,8,1
2026-08-25,Meta Ads,FB - Retargeting,386.91,13905,249,10,1
2026-08-25,Email,Monthly Newsletter,27.73,3421,442,45,4
2026-08-25,Email,Promo Blast,25.31,3239,445,31,4
2026-08-25,Organic Social,LinkedIn Organic,0.0,17145,620,16,3
2026-08-25,Organic Social,FB Organic,0.0,14502,416,15,2
2026-08-25,LinkedIn Ads,Sponsored Content,706.03,11591,102,4,0
2026-08-25,LinkedIn Ads,InMail Campaign,448.78,15549,196,9,1
2026-08-26,Google Ads,Search - Brand,640.95,6701,295,17,3
2026-08-26,Google Ads,Search - Competitor,746.04,12985,566,26,3
2026-08-26,Google Ads,Display - Retargeting,646.48,9905,408,17,3
2026-08-26,Meta Ads,FB - Lead Gen,676.83,9793,110,4,0
2026-08-26,Meta Ads,IG - Awareness,492.18,13214,228,10,2
2026-08-26,Meta Ads,FB - Retargeting,238.58,13524,253,7,1
2026-08-26,Email,Monthly Newsletter,21.03,2979,397,29,2
2026-08-26,Email,Promo Blast,22.32,3514,393,26,5
2026-08-26,Organic Social,LinkedIn Organic,0.0,12959,400,14,4
2026-08-26,Organic Social,FB Organic,0.0,19639,529,10,1
2026-08-26,LinkedIn Ads,Sponsored Content,462.06,10685,82,4,0
2026-08-26,LinkedIn Ads,InMail Campaign,506.73,16163,116,4,0
2026-08-27,Google Ads,Search - Brand,867.72,15053,646,27,8
2026-08-27,Google Ads,Search - Competitor,439.0,13284,647,45,10
2026-08-27,Google Ads,Display - Retargeting,871.14,17024,604,33,6
2026-08-27,Meta Ads,FB - Lead Gen,707.96,9408,210,8,1
2026-08-27,Meta Ads,IG - Awareness,454.77,11630,240,11,2
2026-08-27,Meta Ads,FB - Retargeting,465.11,12600,156,7,1
2026-08-27,Email,Monthly Newsletter,18.96,2730,297,14,1
2026-08-27,Email,Promo Blast,17.91,2793,285,13,3
2026-08-27,Organic Social,LinkedIn Organic,0.0,11883,375,12,2
2026-08-27,Organic Social,FB Organic,0.0,19368,517,9,1
2026-08-27,LinkedIn Ads,Sponsored Content,595.21,25351,154,9,1
2026-08-27,LinkedIn Ads,InMail Campaign,538.13,9118,54,2,0
2026-08-28,Google Ads,Search - Brand,503.84,17636,956,67,17
2026-08-28,Google Ads,Search - Competitor,662.37,10132,580,28,6
2026-08-28,Google Ads,Display - Retargeting,836.06,16826,530,23,5
2026-08-28,Meta Ads,FB - Lead Gen,446.94,15318,317,15,2
2026-08-28,Meta Ads,IG - Awareness,442.32,13749,289,13,2
2026-08-28,Meta Ads,FB - Retargeting,592.91,14483,216,6,0
2026-08-28,Email,Monthly Newsletter,23.3,3616,364,34,5
2026-08-28,Email,Promo Blast,23.37,2244,257,21,4
2026-08-28,Organic Social,LinkedIn Organic,0.0,10206,372,11,2
2026-08-28,Organic Social,FB Organic,0.0,12928,404,13,1
2026-08-28,LinkedIn Ads,Sponsored Content,389.39,13980,117,7,0
2026-08-28,LinkedIn Ads,InMail Campaign,393.98,12949,86,3,0
